id,name,code,note
1,"Timothy D. Rooney",Havers,"Plating and coating machine setter"
2,"Jeanie N. Johns",Solow1971,"Appraiser"
3,"Todd S. Moore",Regingescom43,"Winch operator"
4,"Lynn M. Maynard",Themed,"Material distribution"
5,"Jane G. Sutton",Sirent1968,"News correspondent"
6,"Steve L. Crook",Mirem1964,"Apartment rental agent"
7,"Patricia J. Knudsen",Shoseathe,"Music conductor"
8,"Timothy K. Lawrence",Oventopereed,"Sales clerk"
9,"Ahmed E. Luong",Samed1953,"Automotive engineer"
10,"Maria W. Rodriguez",Mempeng,"Copy editor"
11,"Joyce P. Cash",Yesom1951,"Bridge and lock tender"
12,"Christopher E. Cockburn",Hostand1985,"Color printer operator"
13,"Joan H. Wallace",Maingtoled,"Network systems and data communications analyst"
14,"Jane M. Harrison",Stes1966,"Freight, stock, and material mover"
15,"Vala Davide",Thown1949,"Immigration and Naturalization Service agent"
16,"Brunilde Udinesi",Yethe1972,"Merchandise window trimmer"
17,"Silvio Dellucci",Mortfuld,"Corporate investigator"
18,"Diana Milanesi",Giviss57,"Petroleum pump system operator"
19,"Peverell Sciverit",Undeavere,"Flight attendant"
20,"Oc√©ane Binet",Himmathrely,"Undertaker"
21,"Achraf van 't Veen",Fivend,"Local account executive"
